<?xml version="1.0" encoding="UTF-8"?>
<project-private xmlns="http://www.netbeans.org/ns/project-private/1">
    <editor-bookmarks xmlns="http://www.netbeans.org/ns/editor-bookmarks/2" lastBookmarkId="0"/>
    <open-files xmlns="http://www.netbeans.org/ns/projectui-open-files/2">
        <group>
            <file>file:/C:/Users/Mr.Big/Documents/NetBeansProjects/HelloWeb/setup/sun-resources.xml</file>
            <file>file:/C:/Users/Mr.Big/Documents/NetBeansProjects/HelloWeb/src/java/org/mypackage/hello/Database.java</file>
            <file>file:/C:/Users/Mr.Big/Documents/NetBeansProjects/HelloWeb/web/response.jsp</file>
            <file>file:/C:/Users/Mr.Big/Documents/NetBeansProjects/HelloWeb/src/java/org/mypackage/hello/NameHandler.java</file>
            <file>file:/C:/Users/Mr.Big/Documents/NetBeansProjects/HelloWeb/web/index.jsp</file>
        </group>
    </open-files>
</project-private>
